patient_id,snp_rs111_minor_alleles,snp_rs222_minor_alleles,snp_rs333_minor_alleles,polygenic_risk_score,log2_IL6,log2_TNF,log2_IFNG,log2_MX1,log2_ISG15
P0001,1,0,0,-1.525,4.023,4.707,4.228,4.976,4.825
P0002,1,0,1,0.411,5.428,5.13,5.266,4.613,5.35
P0003,0,0,1,-0.863,6.181,5.712,6.121,5.741,5.155
P0004,0,1,0,1.155,4.327,4.572,4.697,4.863,5.911
P0005,1,0,2,0.805,4.789,4.767,4.12,2.937,3.577
P0006,1,0,1,0.938,4.449,4.56,5.055,4.656,3.583
P0007,0,0,1,-1.28,6.155,5.926,5.138,6.193,5.48
P0008,1,1,1,0.833,4.888,6.488,6.798,6.198,5.874
P0009,1,0,0,-1.155,5.452,5.273,5.627,4.822,4.777
P0010,0,0,2,-0.755,6.181,6.908,7.459,6.879,6.625
P0011,0,0,1,0.404,5.195,4.726,4.925,4.549,4.383
P0012,0,0,1,0.579,4.679,4.421,3.971,5.705,4.295
P0013,0,0,2,-1.085,5.723,6.045,6.672,6.209,6.069
P0014,0,0,1,-0.869,4.073,5.535,6.084,4.729,4.61
P0015,1,0,1,0.011,4.956,4.881,3.979,4.381,5.162
P0016,0,0,0,-0.39,3.974,3.886,4.464,2.79,4.392
P0017,1,0,0,-1.54,5.665,5.677,6.66,5.887,6.038
P0018,2,1,1,0.512,4.801,3.376,5.17,3.988,3.787
P0019,0,0,1,-0.163,6.102,5.794,8.257,5.894,6.431
P0020,0,1,1,-0.936,3.476,5.077,4.06,4.592,3.738
P0021,1,1,1,0.777,4.362,4.425,3.906,4.918,3.69
P0022,2,1,0,1.528,4.977,4.571,5.234,5.338,4.816
P0023,1,0,0,0.079,5.874,4.096,4.968,6.067,4.332
P0024,0,0,1,-0.633,5.947,5.318,5.797,7.515,7.076
P0025,0,0,0,-1.098,6.339,7.063,6.093,6.653,6.136
P0026,0,0,1,0.101,5.977,6.491,6.995,5.252,6.702
P0027,1,0,1,0.28,5.666,6.816,6.995,4.766,5.355
P0028,1,0,1,-0.414,4.478,4.374,4.774,4.276,4.959
P0029,1,0,1,0.096,6.367,5.759,6.29,5.916,6.202
P0030,1,0,1,0.353,4.169,4.001,5.529,4.232,4.388
P0031,0,1,1,1.793,4.575,4.677,7.215,4.621,4.92
P0032,1,0,0,0.355,5.577,5.179,6.324,5.724,5.18
P0033,0,0,1,0.376,5.065,3.391,4.56,4.231,3.519
P0034,1,0,1,-0.387,4.445,3.849,3.721,4.987,3.828
P0035,1,0,0,-0.62,5.992,6.427,5.463,6.743,6.177
P0036,1,1,1,0.934,6.127,5.907,5.903,6.343,6.936
P0037,0,0,2,-0.337,3.778,4.632,4.179,4.301,5.129
P0038,1,0,0,-0.98,3.88,4.192,4.49,5.222,3.948
P0039,1,0,1,1.01,3.924,3.726,5.867,3.982,5.145
P0040,0,0,2,0.427,3.86,5.062,5.248,3.667,4.432
P0041,0,0,2,-0.458,5.614,3.497,4.705,4.072,4.234
P0042,1,2,1,2.629,6.075,5.909,5.418,6.346,6.866
P0043,0,0,1,-0.362,4.78,4.467,5.302,5.221,4.46
P0044,0,0,2,0.306,5.288,5.593,6.042,6.113,6.005
P0045,0,0,1,-1.528,4.956,4.064,3.464,4.214,4.525
P0046,0,0,0,-0.934,5.9,4.393,6.471,6.064,6.367
P0047,0,2,0,1.215,6.329,5.676,5.95,6.09,6.302
P0048,1,0,1,0.532,4.532,4.051,3.044,4.213,4.252
P0049,0,0,1,-0.996,7.413,5.687,5.47,5.006,5.149
P0050,1,0,0,-2.091,4.878,5.082,4.434,3.693,4.545
P0051,0,0,0,-1.631,5.193,4.898,6.717,5.245,5.784
P0052,0,0,1,-0.573,4.911,4.681,4.191,5.206,3.888
P0053,0,0,1,-0.48,5.783,4.595,4.001,4.555,4.356
P0054,1,1,2,2.66,4.641,6.325,6.698,6.149,6.953
P0055,2,0,1,1.097,3.995,4.42,4.219,5.242,4.611
P0056,1,0,2,0.426,5.232,6.734,6.7,5.487,5.929
P0057,0,1,2,0.788,4.55,4.697,4.133,5.652,4.457
P0058,0,0,0,-0.004,4.3,4.761,3.689,5.342,4.881
P0059,0,0,1,-0.967,4.017,3.898,5.253,4.834,3.362
P0060,1,0,0,-0.335,7.103,4.424,6.267,5.266,6.257
P0061,0,0,2,-1.041,5.12,6.625,6.404,7.448,4.96
P0062,2,1,0,2.463,4.38,4.759,4.18,4.732,3.651
P0063,1,0,1,0.36,5.127,4.785,4.023,4.306,4.191
P0064,1,0,2,-0.161,5.667,5.26,6.795,7.034,7.263
P0065,1,0,0,-0.315,5.758,7.191,5.599,6.293,7.68
P0066,0,0,2,0.149,4.686,5.993,6.769,6.997,5.335
P0067,1,0,0,-0.417,4.362,4.753,5.292,4.103,4.714
P0068,0,1,1,0.116,5.471,7.118,7.505,6.649,5.664
P0069,1,0,1,-0.419,6.49,6.858,6.068,5.564,6.842
P0070,1,0,1,0.32,3.659,4.31,4.01,4.9,4.17
P0071,0,2,1,1.29,6.913,6.457,5.96,6.949,6.184
P0072,1,0,2,0.028,4.869,3.901,4.023,4.969,4.893
P0073,0,0,0,-1.82,5.843,7.152,5.354,6.383,5.718
P0074,0,0,1,-0.47,5.365,4.753,4.887,4.349,5.022
P0075,1,0,2,0.23,4.537,5.072,5.19,4.279,3.638
P0076,0,0,1,-0.767,4.365,6.67,4.17,5.274,4.845
P0077,1,0,0,-0.082,5.688,6.698,5.962,7.442,5.266
P0078,1,0,2,0.922,6.62,5.328,6.663,5.27,5.309
P0079,1,0,0,0.292,4.445,4.382,5.406,4.832,4.683
P0080,0,0,1,-0.116,5.941,5.42,5.947,6.484,5.334
P0081,0,1,1,0.335,4.409,4.808,7.17,6.498,5.954
P0082,2,0,1,0.241,5.832,5.682,6.872,4.623,5.646
P0083,0,1,0,-0.56,4.716,4.148,5.088,3.719,4.104
P0084,1,0,0,-0.672,4.882,3.964,4.028,4.331,4.518
P0085,0,0,1,-0.513,5.22,5.456,4.427,3.217,4.407
P0086,0,0,0,-1.411,5.973,4.979,4.777,5.645,4.339
P0087,1,0,1,0.139,6.926,6.323,6.445,7.895,6.686
P0088,1,0,1,-0.651,7.192,5.856,5.735,6.15,5.283
P0089,1,0,1,-1.169,6.26,6.519,7.185,4.392,5.852
P0090,1,0,0,0.38,5.526,4.665,4.735,3.406,5.454
P0091,0,0,0,-1.179,7.221,7.209,5.99,6.168,7.197
P0092,0,0,2,-0.853,5.371,4.88,4.359,5.982,4.57
P0093,0,0,1,-1.342,5.224,5.202,5.458,4.381,4.888
P0094,1,0,0,0.085,5.918,6.296,6.099,6.699,6.285
P0095,0,0,0,0.198,4.475,4.598,3.889,4.212,4.238
P0096,1,0,0,-0.53,6.467,5.937,6.181,6.827,5.622
P0097,0,0,2,-0.391,4.873,5.418,3.454,5.229,3.752
P0098,1,0,0,0.567,4.368,4.513,4.821,4.592,5.032
P0099,1,0,0,-1.578,4.385,4.735,4.381,4.086,4.197
P0100,1,0,1,1.531,4.616,5.808,5.442,7.208,5.771
P0101,0,0,0,0.994,7.507,5.218,7.009,6.538,5.711
P0102,2,1,0,-0.607,6.32,5.106,4.769,6.826,7.666
P0103,0,0,2,-0.303,6.405,5.944,6.623,6.309,5.693
P0104,0,1,1,-0.021,7.097,5.213,7.598,6.578,4.54
P0105,0,0,0,-1.023,6.349,5.106,6.889,6.531,5.149
P0106,0,0,1,-0.839,5.367,4.109,4.481,4.761,4.956
P0107,1,0,0,0.374,5.501,5.845,4.852,6.684,7.183
P0108,0,0,0,-0.909,8.183,7.109,5.189,5.029,5.852
P0109,0,0,1,-1.206,5.152,4.833,4.253,4.499,5.267
P0110,1,1,1,0.981,4.626,2.94,4.088,4.234,4.945
P0111,1,0,1,0.451,5.355,4.885,4.068,5.076,4.386
P0112,1,0,2,-0.516,3.799,4.165,4.304,4.378,4.344
P0113,1,0,0,-1.455,4.327,4.772,4.439,3.602,4.609
P0114,0,0,2,1.253,5.367,4.492,4.791,3.492,5.026
P0115,1,1,1,0.631,4.944,6.469,4.904,5.092,6.317
P0116,0,0,0,-0.928,5.136,4.739,4.391,5.171,4.394
P0117,0,0,2,-0.526,6.518,6.494,7.022,5.4,6.487
P0118,0,1,0,0.624,6.885,6.482,5.368,5.983,6.641
P0119,1,1,1,2.429,5.511,6.292,7.114,5.809,6.699
P0120,0,0,1,-0.096,6.887,6.719,6.349,5.966,6.755
P0121,1,0,0,-1.36,4.164,5.064,3.532,4.763,4.824
P0122,0,1,2,-0.218,6.531,6.725,6.629,6.282,6.474
P0123,0,0,0,-1.122,5.284,5.536,6.783,5.124,6.523
P0124,0,0,1,-0.727,4.723,6.208,5.959,5.648,6.236
P0125,0,0,0,-2.107,5.042,4.525,4.072,5.055,5.231
P0126,0,1,0,0.826,5.474,6.483,7.308,7.053,6.588
P0127,1,1,1,0.301,4.944,3.916,3.858,5.512,4.084
P0128,1,0,2,1.477,4.102,3.789,4.896,3.682,4.731
P0129,0,0,0,0.529,5.693,7.434,5.393,5.162,6.435
P0130,1,0,2,0.181,4.183,3.926,4.86,3.56,4.315
P0131,0,0,0,-0.499,6.162,6.796,8.146,7.285,8.324
P0132,0,1,1,-0.403,5.756,5.916,6.52,7.038,5.325
P0133,0,0,0,-0.361,4.821,4.548,4.465,5.01,5.375
P0134,1,0,0,-0.601,4.918,4.473,5.164,4.6,3.982
P0135,0,0,2,-1.039,7.058,5.225,5.824,6.582,6.538
P0136,1,0,1,-0.148,4.314,4.492,4.598,5.227,6.041
P0137,0,1,1,0.168,5.275,5.669,6.028,7.125,5.805
P0138,1,0,1,-0.174,4.546,4.263,3.88,4.774,4.066
P0139,0,1,1,1.221,4.782,5.055,4.531,4.29,4.489
P0140,1,0,1,-0.517,3.924,4.953,5.021,5.26,4.292
P0141,1,0,2,1.657,3.966,3.611,3.479,4.99,5.03
P0142,0,0,1,-1.514,5.646,7.244,6.297,5.882,6.217
P0143,0,0,1,0.674,4.675,4.796,4.308,4.589,5.192
P0144,1,0,1,-0.689,4.343,4.475,5.568,5.48,4.002
P0145,2,0,1,0.662,4.924,4.948,4.289,5.498,3.416
P0146,2,0,1,0.298,5.166,6.13,5.209,5.756,6.005
P0147,0,1,1,0.258,4.326,4.736,5.458,5.295,4.976
P0148,1,0,1,0.664,5.507,6.657,5.435,6.281,6.63
P0149,0,0,1,0.588,6.083,5.275,6.934,6.545,5.248
P0150,0,1,2,1.698,4.785,6.189,5.531,5.904,4.704
P0151,1,0,2,0.064,6.288,5.652,5.761,7.463,6.585
P0152,1,1,1,1.247,4.259,5.208,4.855,4.753,4.148
P0153,1,0,1,-0.514,5.835,5.008,5.15,6.198,5.002
P0154,1,0,1,-0.67,4.891,3.873,4.027,5.855,6.024
P0155,0,0,0,-1.679,5.597,5.402,5.484,5.381,5.735
P0156,1,1,1,0.784,5.387,5.296,3.84,4.447,4.382
P0157,0,0,0,-0.64,6.525,6.846,5.641,4.27,6.138
P0158,0,0,0,-2.248,5.141,6.08,6.541,5.869,6.61
P0159,0,1,2,0.777,4.857,5.624,5.115,3.907,5.077
P0160,2,0,2,2.089,4.574,4.949,3.748,4.949,4.004
P0161,0,1,1,1.349,6.278,6.286,5.261,5.464,5.476
P0162,0,0,0,-1.261,6.525,5.868,5.755,5.875,5.344
P0163,1,1,1,0.07,5.26,4.998,5.866,4.74,5.249
P0164,2,1,1,2.047,4.825,4.301,5.344,5.257,4.099
P0165,1,2,1,0.427,7.45,5.364,5.618,5.482,6.507
P0166,1,0,2,1.192,7.044,6.191,6.324,5.9,5.481
P0167,0,1,0,0.057,6.237,4.976,6.476,6.707,6.787
P0168,1,1,0,2.175,4.343,4.386,4.096,3.431,3.804
P0169,1,0,0,-1.515,6.763,6.513,6.285,6.792,6.156
P0170,1,0,0,0.453,6.218,6.702,6.83,5.333,5.44
P0171,1,1,1,1.035,5.808,3.693,4.742,4.729,4.218
P0172,0,0,0,-1.072,5.901,6.13,6.265,5.119,5.264
P0173,0,0,0,-1.845,6.546,5.42,6.125,7.114,5.429
P0174,1,0,0,0.213,5.662,7.012,5.942,4.897,6.364
P0175,0,0,0,-0.322,6.107,5.981,5.892,5.239,5.234
P0176,0,1,1,1.843,7.313,7.161,6.174,6.226,6.894
P0177,1,0,0,0.52,5.099,6.535,6.951,5.71,5.566
P0178,1,0,2,-0.077,5.159,4.254,4.746,3.597,5.096
P0179,1,1,0,0.065,3.724,4.644,4.619,4.815,4.629
P0180,1,0,0,-1.249,5.884,6.052,5.935,5.313,6.966
P0181,1,0,0,0.866,5.49,5.316,4.201,4.178,3.94
P0182,1,0,1,-0.512,4.63,5.499,6.135,4.938,4.834
P0183,1,1,0,1.913,5.711,4.006,5.383,4.981,3.733
P0184,0,1,1,0.905,5.967,6.216,6.686,7.211,6.032
P0185,1,0,0,0.015,4.585,5.235,4.253,5.162,4.818
P0186,0,0,2,-0.458,6.858,4.918,5.941,5.741,4.829
P0187,0,0,0,-0.334,4.936,5.325,3.818,3.044,4.161
P0188,0,0,1,-0.539,6.677,6.05,7.124,6.567,5.804
P0189,1,0,2,0.091,5.098,3.37,4.612,5.382,3.968
P0190,1,0,0,0.288,6.86,3.628,5.681,6.779,6.172
P0191,2,0,0,0.258,5.557,3.582,4.4,4.778,4.327
P0192,2,0,1,0.069,5.464,5.979,5.562,4.853,7.538
P0193,1,0,0,0.216,5.979,4.76,5.587,4.485,5.55
P0194,0,1,0,0.169,5.041,4.88,4.379,5.66,5.286
P0195,1,0,1,0.431,3.417,4.17,4.593,3.65,4.903
P0196,1,0,0,-0.568,7.626,5.279,6.203,5.356,5.425
P0197,1,0,2,-0.535,5.511,5.886,5.922,7.237,7.054
P0198,0,1,1,1.805,6.36,6.291,6.064,5.492,6.6
P0199,0,0,1,0.623,6.285,6.059,5.967,5.804,7.183
P0200,2,0,0,1.023,5.437,4.327,3.868,5.717,5.043
P0201,0,0,1,-0.816,4.087,5.041,4.652,4.777,4.657
P0202,0,0,1,-0.751,4.875,4.127,4.473,4.271,4.576
P0203,0,1,0,1.245,6.342,5.041,6.163,5.195,7.485
P0204,0,0,2,-0.493,5.747,4.475,4.821,6.028,3.94
P0205,0,0,1,-0.999,5.063,5.445,4.956,4.785,5.903
P0206,2,1,1,3.098,5.062,4.42,5.302,5.338,4.388
P0207,1,0,0,-0.266,4.887,5.833,5.305,6.387,4.142
P0208,2,0,0,1.681,6.488,6.228,5.408,6.141,5.714
P0209,0,0,1,-1.569,4.746,5.786,4.9,4.192,3.51
P0210,0,0,1,-0.142,6.409,6.156,5.863,6.445,6.844
P0211,0,0,1,1.014,7.119,7.225,6.758,7.122,6.15
P0212,0,1,0,0.239,4.58,5.422,6.452,3.674,4.901
P0213,0,1,1,0.318,4.829,4.437,5.168,5.13,5.481
P0214,1,1,0,-0.057,5.209,4.516,5.179,4.427,4.097
P0215,2,0,0,1.171,3.133,3.73,4.316,3.88,4.339
P0216,1,0,1,-0.506,6.228,6.869,4.983,6.432,5.059
P0217,0,0,0,-0.896,5.051,5.38,5.824,5.667,6.016
P0218,0,1,0,-0.702,4.914,6.064,7.083,5.574,6.888
P0219,0,1,0,1.375,5.002,4.35,5.044,4.321,5.267
P0220,0,0,2,0.629,7.009,5.7,5.82,5.333,6.092
P0221,1,0,0,-0.254,5.123,4.819,4.371,4.457,4.133
P0222,0,1,1,-0.345,5.951,5.931,5.38,5.81,6.083
P0223,1,1,2,2.55,5.025,3.381,4.392,5.444,4.578
P0224,1,1,1,0.837,7.257,5.996,6.689,6.287,6.803
P0225,0,0,1,-1.35,6.183,5.447,7.296,7.021,6.682
P0226,0,0,1,-1.839,5.863,6.117,5.636,6.131,5.521
P0227,0,0,1,-1.009,6.0,6.575,6.471,5.722,5.804
P0228,0,0,1,-1.61,5.003,4.654,4.11,5.555,4.722
P0229,1,1,2,0.944,5.938,5.38,5.384,6.004,5.529
P0230,1,0,1,0.622,5.178,6.504,5.884,5.975,6.914
P0231,1,0,1,-0.212,3.489,4.218,5.439,4.932,4.491
P0232,1,0,0,0.035,4.999,3.817,4.249,3.757,3.403
P0233,0,0,2,-0.768,6.125,6.181,6.326,6.731,5.651
P0234,0,0,0,-0.777,5.961,6.557,6.607,5.905,5.258
P0235,0,0,2,1.2,6.75,6.367,5.406,6.643,6.337
P0236,0,1,0,-0.043,3.715,4.135,4.456,5.034,4.351
P0237,1,0,1,0.354,6.336,6.18,6.056,7.436,7.119
P0238,0,0,1,-1.693,5.892,6.174,6.051,7.1,7.176
P0239,0,0,1,0.604,6.235,6.491,5.622,5.059,4.865
P0240,0,0,0,-1.181,5.543,4.493,5.467,6.066,3.588
P0241,0,0,2,0.552,5.821,6.36,5.971,4.7,5.011
P0242,2,1,1,1.613,5.142,3.347,5.14,3.944,4.067
P0243,0,0,0,-0.37,6.254,5.638,6.165,7.06,6.344
P0244,0,1,1,1.014,4.388,4.555,3.662,5.475,4.494
P0245,0,0,1,-0.865,5.808,5.008,5.87,5.999,5.972
P0246,1,0,1,0.88,5.795,7.393,6.174,6.523,5.976
P0247,1,0,0,-0.795,6.274,5.285,6.141,5.561,6.55
P0248,1,0,1,0.647,4.849,4.162,4.196,4.2,4.48
P0249,0,1,2,0.521,5.137,4.257,4.805,3.676,5.464
P0250,0,0,0,-0.565,5.735,5.824,6.099,6.45,5.918
P0251,1,0,1,-0.276,6.529,6.24,6.172,5.107,5.065
P0252,0,0,1,-0.491,5.2,5.387,5.056,3.733,5.474
P0253,0,1,2,0.012,6.781,5.389,5.668,7.089,6.171
P0254,1,0,1,0.252,4.403,5.226,5.674,6.072,5.951
P0255,0,1,1,0.547,5.703,6.068,6.441,7.042,4.779
P0256,0,0,0,-1.227,4.617,5.284,4.788,4.842,4.881
P0257,1,1,0,0.771,3.813,5.173,3.039,4.823,4.561
P0258,1,0,2,0.465,4.284,4.436,5.709,4.371,4.56
P0259,0,0,2,-0.689,3.654,3.662,4.817,3.843,4.258
P0260,0,1,1,0.418,6.75,6.116,7.134,6.475,5.779
P0261,1,0,1,-0.681,6.34,5.816,6.738,6.654,5.55
P0262,0,0,1,1.218,5.532,6.928,5.112,6.92,6.24
P0263,0,0,0,-0.037,6.291,4.563,6.731,5.819,6.419
P0264,1,0,2,0.569,6.349,5.735,5.52,5.505,6.114
P0265,1,0,1,0.94,5.731,7.217,6.633,6.106,7.795
P0266,2,0,1,-0.81,6.262,6.547,5.94,5.813,5.714
P0267,0,1,0,-1.687,4.319,5.694,4.943,4.51,4.497
P0268,0,1,0,-0.081,5.771,6.775,5.761,5.663,5.85
P0269,1,0,0,-1.256,6.096,5.402,7.079,5.418,5.029
P0270,1,0,1,-0.108,4.511,4.324,3.787,5.033,4.64
P0271,0,1,1,0.667,4.589,4.423,5.847,3.649,3.575
P0272,1,0,0,0.455,4.386,3.928,5.843,3.904,3.883
P0273,0,0,1,-1.375,4.246,3.918,5.48,4.303,3.289
P0274,1,0,2,0.663,4.589,5.704,5.565,5.768,4.695
P0275,1,0,0,-0.219,6.63,4.763,6.039,6.635,6.405
P0276,0,0,1,-0.269,6.269,6.895,7.087,5.642,5.969
P0277,2,1,1,1.318,4.165,4.238,4.442,5.311,4.886
P0278,2,1,0,2.437,7.678,6.095,5.168,6.744,7.441
P0279,0,0,1,-0.605,6.722,6.994,6.606,5.365,6.466
P0280,0,0,1,0.793,4.827,5.451,7.029,4.189,5.447
P0281,1,0,0,-0.818,6.336,6.392,6.674,6.202,5.523
P0282,0,0,0,-0.273,5.664,5.075,5.031,5.922,5.312
P0283,0,1,2,0.767,6.1,5.437,4.914,7.265,5.836
P0284,0,0,0,-1.069,4.373,3.019,3.407,3.978,4.165
P0285,2,1,1,2.176,4.236,4.364,5.067,5.551,5.091
P0286,0,0,1,-0.75,7.35,5.654,5.286,4.87,7.442
P0287,1,0,1,-1.914,4.84,4.873,4.672,4.279,3.512
P0288,0,0,1,-2.807,7.037,5.661,5.311,6.269,5.1
P0289,0,0,2,0.717,4.761,3.798,3.644,5.191,4.222
P0290,1,1,1,2.025,4.233,4.087,4.643,5.279,4.859
P0291,0,0,1,0.877,5.925,6.465,6.388,6.346,6.56
P0292,0,0,1,-0.541,5.226,3.281,5.003,3.69,6.121
P0293,0,0,1,-1.49,4.881,4.792,4.039,5.318,4.521
P0294,1,0,1,-0.245,5.881,4.987,4.346,5.105,4.551
P0295,0,1,0,0.225,5.31,4.63,3.367,3.797,5.153
P0296,0,0,1,-1.277,4.627,4.815,3.189,3.26,4.091
P0297,0,0,1,0.699,5.921,6.64,6.454,6.946,6.098
P0298,0,0,0,0.841,4.582,4.175,5.75,4.392,4.251
P0299,0,0,0,-0.47,3.749,3.338,4.556,3.729,2.927
P0300,1,0,1,0.06,4.746,4.88,4.306,4.675,4.874
